employer_name;employer_id2;employer_type;employer_id;Позиция в рейтинге;Изменение позиции в рейтинге;Номер лицензии;Регион регистрации;Январь, 2020, тыс. рублей;Декабрь, 2019, тыс. рублей;Изменение, тыс. рублей;Изменение, %
Сбербанк России;;bank;3529;1;0;1481;Москва и обл.;28 894 527 589,00;28 973 297 245,00;-78 769 656,00;-0,27
ВТБ;;bank;4181;2;0;1000;Санкт-Петербург и обл.;14 329 205 070,00;14 483 875 051,00;-154 669 981,00;-1,07
Газпромбанк;;bank;3388;3;0;354;Москва и обл.;6 554 665 558,00;6 614 267 527,00;-59 601 969,00;-0,9
Национальный Клиринговый Центр;;bank;;4;1;3466;Москва и обл.;3 959 360 947,00;3 669 008 617,00;290 352 330,00;7,91
Альфа-Банк;;bank;80;5;-1;1326;Москва и обл.;3 761 758 370,00;3 687 383 320,00;74 375 050,00;2,02
Россельхозбанк;;bank;58320;6;0;3349;Москва и обл.;3 541 806 193,00;3 297 821 385,00;243 984 808,00;7,4
Банк «ФК Открытие»;;bank;23040;7;0;2209;Москва и обл.;2 714 672 202,00;2 486 671 061,00;228 001 141,00;9,17
Московский кредитный банк;;bank;2492;8;0;1978;Москва и обл.;2 518 240 826,00;2 336 368 302,00;181 872 524,00;7,78
Национальный Банк «Траст»;;bank;5186;9;0;3279;Москва и обл.;1 382 958 267,00;1 422 586 170,00;-39 627 903,00;-2,79
Райффайзенбанк;;bank;4023;10;1;3292;Москва и обл.;1 292 865 252,00;1 222 474 196,00;70 391 056,00;5,76
ЮниКредит Банк;;bank;1754;11;-1;1;Москва и обл.;1 244 425 224,00;1 417 952 803,00;-173 527 579,00;-12,24
Росбанк;;bank;599;12;0;2272;Москва и обл.;1 226 365 552,00;1 211 831 538,00;14 534 014,00;1,2
Совкомбанк;;bank;7944;13;0;963;Костромская обл.;1 213 237 203,00;1 189 403 020,00;23 834 183,00;2
Россия;;bank;37261;14;0;328;Санкт-Петербург и обл.;1 012 001 526,00;1 026 998 192,00;-14 996 666,00;-1,46
Банк «Санкт-Петербург»;;bank;3783;15;0;436;Санкт-Петербург и обл.;701 451 089,00;721 126 793,00;-19 675 704,00;-2,73
Всероссийский Банк Развития Регионов;;bank;51;16;0;3287;Москва и обл.;660 552 595,00;660 723 139,00;-170 544,00;-0,03
Тинькофф Банк;;bank;78638;17;2;2673;Москва и обл.;604 466 787,00;562 700 458,00;41 766 329,00;7,42
Ак Барс;;bank;47939;18;-1;2590;Татарстан;603 868 334,00;612 287 305,00;-8 418 971,00;-1,38
Ситибанк;;bank;2383;19;-1;2557;Москва и обл.;558 503 716,00;579 239 280,00;-20 735 564,00;-3,58
Почта Банк;;bank;1049556;20;1;650;Москва и обл.;516 748 693,00;514 203 228,00;2 545 465,00;0,5
Банк Уралсиб;;bank;89;21;-1;30;Москва и обл.;504 469 430,00;531 386 135,00;-26 916 705,00;-5,07
БМ-Банк;;bank;;22;0;2748;Москва и обл.;503 146 800,00;507 431 766,00;-4 284 966,00;-0,84
Новикомбанк;10227;bank;;23;1;2546;Москва и обл.;502 557 298,00;457 395 587,00;45 161 711,00;9,87
СМП Банк;;bank;41296;24;-1;3368;Москва и обл.;480 428 093,00;476 640 479,00;3 787 614,00;0,79
Московский Индустриальный Банк;;bank;1115;25;0;912;Москва и обл.;428 890 890,00;439 484 740,00;-10 593 850,00;-2,41
Московский Областной Банк;39820;bank;;26;0;1751;Москва и обл.;385 110 748,00;436 595 964,00;-51 485 216,00;-11,79
Банк ДОМ.РФ;3443;bank;;27;2;2312;Москва и обл.;344 502 066,00;299 968 986,00;44 533 080,00;14,85
Русский Стандарт;;bank;586;28;-1;2289;Москва и обл.;338 476 154,00;328 897 384,00;9 578 770,00;2,91
Пересвет;48377;bank;;29;-1;2110;Москва и обл.;325 025 614,00;325 671 854,00;-646 240,00;-0,2
Связь-Банк;;bank;2817;30;0;1470;Москва и обл.;302 205 136,00;291 084 487,00;11 120 649,00;3,82
Сургутнефтегазбанк;875499;bank;;31;1;588;Ханты-Мансийский АО — Югра;300 457 346,00;282 218 364,00;18 238 982,00;6,46
Хоум Кредит Банк;;bank;1496;32;1;316;Москва и обл.;281 852 600,00;280 215 065,00;1 637 535,00;0,58
Возрождение;2701;bank;;33;1;1439;Москва и обл.;279 574 947,00;271 299 917,00;8 275 030,00;3,05
Абсолют Банк;;bank;2737;34;-3;2306;Москва и обл.;264 500 328,00;286 960 736,00;-22 460 408,00;-7,83
Уральский Банк Реконструкции и Развития;953;bank;;35;3;429;Свердловская обл.;247 883 838,00;241 727 769,00;6 156 069,00;2,55
Банк Зенит;;bank;404;36;-1;3255;Москва и обл.;243 212 828,00;256 365 625,00;-13 152 797,00;-5,13
Восточный Банк;78961;bank;;37;0;1460;Амурская обл.;238 605 271,00;245 416 970,00;-6 811 699,00;-2,78
РНКБ;;bank;;38;1;1354;Симферополь;219 039 190,00;204 083 804,00;14 955 386,00;7,33
Инвестторгбанк;;bank;;39;3;2763;Москва и обл.;200 169 430,00;198 047 630,00;2 121 800,00;1,07
МТС Банк;;bank;4496;40;1;2268;Москва и обл.;191 358 226,00;198 830 144,00;-7 471 918,00;-3,76
Национальный Расчетный Депозитарий;2999164;bank;;41;-1;3294;Москва и обл.;184 140 081,00;202 241 887,00;-18 101 806,00;-8,95
ИНГ Банк;;bank;;42;-6;2495;Москва и обл.;181 762 937,00;250 166 793,00;-68 403 856,00;-27,34
Ренессанс Кредит;5923;bank;;43;0;3354;Москва и обл.;177 910 509,00;176 887 718,00;1 022 791,00;0,58
ОТП Банк;4394;bank;;44;0;2766;Москва и обл.;169 086 310,00;174 928 613,00;-5 842 303,00;-3,34
Экспресс-Волга;;bank;;45;0;3085;Костромская обл.;167 342 682,00;172 703 554,00;-5 360 872,00;-3,1
Транскапиталбанк;2633;bank;;46;0;2210;Москва и обл.;164 768 930,00;165 512 713,00;-743 783,00;-0,45
Русфинанс Банк;3411;bank;;47;0;1792;Самарская обл.;160 428 656,00;159 522 301,00;906 355,00;0,57
Сетелем Банк;;bank;7588;48;0;2168;Москва и обл.;155 756 741,00;151 018 421,00;4 738 320,00;3,14
Запсибкомбанк;65520;bank;;49;1;918;Тюменская обл.;148 624 075,00;140 757 224,00;7 866 851,00;5,59
Росэксимбанк;;bank;;50;1;2790;Москва и обл.;145 642 488,00;137 305 003,00;8 337 485,00;6,07
Кредит Европа Банк;1947;bank;;51;-2;3311;Москва и обл.;141 938 092,00;148 133 905,00;-6 195 813,00;-4,18
Роскосмосбанк;2598564;bank;;52;0;2989;Москва и обл.;135 515 283,00;135 277 287,00;237 996,00;0,18
МСП Банк;25722;bank;;53;8;3340;Москва и обл.;132 325 382,00;112 385 787,00;19 939 595,00;17,74
Авангард;;bank;;54;-1;2879;Москва и обл.;131 817 553,00;131 980 644,00;-163 091,00;-0,12
Таврический Банк;1059677;bank;;55;3;2304;Санкт-Петербург и обл.;124 580 439,00;119 985 629,00;4 594 810,00;3,83
Центр-инвест;85339;bank;;56;-1;2225;Ростовская обл.;124 047 613,00;125 419 478,00;-1 371 865,00;-1,09
ЦентроКредит;2439;bank;;57;-1;121;Москва и обл.;123 307 299,00;122 237 858,00;1 069 441,00;0,87
Банк Финсервис;39507;bank;;58;-1;3388;Москва и обл.;121 141 523,00;122 006 640,00;-865 117,00;-0,71
Дойче Банк;1641540;bank;;59;9;3328;Москва и обл.;117 581 806,00;90 643 739,00;26 938 067,00;29,72
Азиатско-Тихоокеанский Банк;176941;bank;;60;-6;1810;Амурская обл.;117 374 156,00;130 516 741,00;-13 142 585,00;-10,07
Нордеа Банк;;bank;;61;9;3016;Москва и обл.;116 624 554,00;80 726 040,00;35 898 514,00;44,47
Локо-Банк;1149;bank;;62;-2;2707;Москва и обл.;116 231 240,00;112 865 280,00;3 365 960,00;2,98
Кубань Кредит;200524;bank;;63;-1;2518;Краснодарский край;113 094 105,00;111 015 211,00;2 078 894,00;1,87
РН Банк;740012;bank;;64;-1;170;Москва и обл.;112 333 458,00;109 482 176,00;2 851 282,00;2,6
Аверс;;bank;;65;-6;415;Татарстан;107 902 719,00;113 260 247,00;-5 357 528,00;-4,73
Союз;;bank;;66;-2;2307;Москва и обл.;105 626 156,00;107 353 063,00;-1 726 907,00;-1,61
Металлинвестбанк;3162;bank;;67;-2;2440;Москва и обл.;100 942 923,00;99 041 455,00;1 901 468,00;1,92
ВУЗ-Банк;;bank;;68;-2;1557;Свердловская обл.;100 375 848,00;95 335 719,00;5 040 129,00;5,29
СКБ-Банк;33305;bank;;69;-2;705;Свердловская обл.;90 417 580,00;93 609 471,00;-3 191 891,00;-3,41
Мидзухо Банк;24215;bank;;70;-1;3337;Москва и обл.;85 247 073,00;83 297 951,00;1 949 122,00;2,34
Эйч-Эс-Би-Си Банк (HSBC);;bank;;71;1;3290;Москва и обл.;82 148 370,00;78 363 580,00;3 784 790,00;4,83
Экспобанк;798;bank;;72;-1;2998;Москва и обл.;79 033 982,00;80 192 495,00;-1 158 513,00;-1,44
Тойота Банк;46275;bank;;73;0;3470;Москва и обл.;77 526 203,00;77 946 654,00;-420 451,00;-0,54
Балтинвестбанк;;bank;;74;0;3176;Санкт-Петербург и обл.;74 886 876,00;76 046 459,00;-1 159 583,00;-1,52
Сумитомо Мицуи;;bank;;75;6;3494;Москва и обл.;74 769 473,00;66 990 124,00;7 779 349,00;11,61
Меткомбанк (Каменск-Уральский);41432;bank;;76;-1;2443;Свердловская обл.;74 070 180,00;75 067 008,00;-996 828,00;-1,33
СДМ-Банк;4256;bank;;77;1;1637;Москва и обл.;73 237 798,00;70 274 806,00;2 962 992,00;4,22
Левобережный;;bank;;78;1;1343;Новосибирская обл.;71 874 567,00;68 472 357,00;3 402 210,00;4,97
БКС Банк;;bank;;79;-2;101;Москва и обл.;71 436 009,00;70 377 960,00;1 058 049,00;1,5
Эм-Ю-Эф-Джи Банк (Евразия);19908;bank;;80;3;3465;Москва и обл.;71 318 022,00;66 204 938,00;5 113 084,00;7,72
ББР Банк;3323;bank;;81;6;2929;Москва и обл.;69 100 654,00;58 541 229,00;10 559 425,00;18,04
Банк Интеза;589;bank;;82;-2;2216;Москва и обл.;67 846 588,00;67 403 624,00;442 964,00;0,66
Примсоцбанк;770915;bank;;83;-1;2733;Приморский край;66 195 164,00;66 752 701,00;-557 537,00;-0,84
Платежный Центр;;bank;;84;17;3166;Новосибирская обл.;63 623 170,00;46 719 001,00;16 904 169,00;36,18
АйСиБиСи Банк;68757;bank;;85;-1;3475;Москва и обл.;59 828 774,00;66 111 659,00;-6 282 885,00;-9,5
Севергазбанк;;bank;;86;2;2816;Вологодская обл.;59 705 740,00;58 096 364,00;1 609 376,00;2,77
Крайинвестбанк;;bank;;87;-1;3360;Краснодарский край;59 643 103,00;59 909 772,00;-266 669,00;-0,45
Коммерцбанк (Евразия);8943;bank;;88;-3;3333;Москва и обл.;58 642 198,00;61 541 757,00;-2 899 559,00;-4,71
Челиндбанк;742453;bank;;89;2;485;Челябинская обл.;57 704 774,00;57 168 923,00;535 851,00;0,94
Фора-Банк;37151;bank;;90;0;1885;Москва и обл.;57 193 501,00;57 439 979,00;-246 478,00;-0,43
Киви Банк;;bank;3159173;91;8;2241;Москва и обл.;56 772 938,00;48 496 906,00;8 276 032,00;17,07
Челябинвестбанк;1203065;bank;;92;1;493;Челябинская обл.;56 211 618,00;55 569 599,00;642 019,00;1,16
Росгосстрах Банк;3782;bank;;93;-1;3073;Москва и обл.;53 887 179,00;56 526 943,00;-2 639 764,00;-4,67
Генбанк;632193;bank;;94;1;2490;Симферополь;52 827 633,00;51 882 415,00;945 218,00;1,82
Энерготрансбанк;1097062;bank;;95;-6;1307;Калининградская обл.;49 995 441,00;57 639 145,00;-7 643 704,00;-13,26
Газэнергобанк;110688;bank;;96;1;3252;Калужская обл.;49 676 651,00;49 261 868,00;414 783,00;0,84
Саровбизнесбанк;191710;bank;;97;3;2048;Нижегородская обл.;48 491 970,00;47 592 726,00;899 244,00;1,89
СЭБ Банк;;bank;;98;-2;3235;Санкт-Петербург и обл.;48 341 663,00;49 813 498,00;-1 471 835,00;-2,95
Аресбанк;844872;bank;;99;4;2914;Москва и обл.;47 601 684,00;44 671 828,00;2 929 856,00;6,56
Фольксваген Банк Рус;;bank;;100;5;3500;Москва и обл.;47 192 867,00;43 897 284,00;3 295 583,00;7,51
Международный Финансовый Клуб;49316;bank;;101;-3;2618;Москва и обл.;46 842 838,00;48 500 542,00;-1 657 704,00;-3,42
БМВ Банк;;bank;;102;0;3482;Москва и обл.;45 712 230,00;46 370 480,00;-658 250,00;-1,42
Мир Бизнес Банк;;bank;;103;1;3396;Москва и обл.;45 211 592,00;44 155 428,00;1 056 164,00;2,39
Креди Агриколь КИБ;;bank;;104;-10;1680;Санкт-Петербург и обл.;45 196 531,00;52 595 345,00;-7 398 814,00;-14,07
Солидарность;64389;bank;;105;1;554;Самарская обл.;44 380 745,00;43 557 065,00;823 680,00;1,89
Бэнк оф Чайна;;bank;;106;5;2309;Москва и обл.;43 046 903,00;40 634 473,00;2 412 430,00;5,94
БНП Париба Банк;;bank;;107;0;3407;Москва и обл.;42 715 509,00;43 101 408,00;-385 899,00;-0,9
Объединенный Капитал;;bank;;108;0;2611;Санкт-Петербург и обл.;42 005 276,00;41 678 133,00;327 143,00;0,78
Кольцо Урала;;bank;;109;0;65;Свердловская обл.;40 308 880,00;41 348 498,00;-1 039 618,00;-2,51
БыстроБанк;;bank;;110;2;1745;Удмуртия;39 750 537,00;39 625 024,00;125 513,00;0,32
Дальневосточный Банк;;bank;;111;3;843;Приморский край;38 858 773,00;37 831 835,00;1 026 938,00;2,71
Дж. П. Морган Банк;;bank;;112;-2;2629;Москва и обл.;36 878 973,00;41 116 183,00;-4 237 210,00;-10,31
Интерпрогрессбанк;;bank;;113;0;600;Москва и обл.;36 818 402,00;37 958 520,00;-1 140 118,00;-3
Приморье;;bank;;114;1;3001;Приморский край;35 809 450,00;35 310 168,00;499 282,00;1,41
Держава;;bank;;115;2;2738;Москва и обл.;35 211 010,00;34 415 616,00;795 394,00;2,31
Кредит Урал Банк;;bank;;116;0;2584;Челябинская обл.;34 417 757,00;34 540 973,00;-123 216,00;-0,36
Плюс Банк;;bank;;117;1;1189;Москва и обл.;34 216 691,00;33 048 876,00;1 167 815,00;3,53
Петербургский Социальный Коммерческий Банк;;bank;;118;5;2551;Санкт-Петербург и обл.;32 896 783,00;27 851 717,00;5 045 066,00;18,11
НС Банк;;bank;;119;1;3124;Москва и обл.;32 751 728,00;31 014 816,00;1 736 912,00;5,6
Алмазэргиэнбанк;;bank;;120;1;2602;Саха (Якутия);32 736 363,00;30 724 079,00;2 012 284,00;6,55
Национальный Стандарт;;bank;;121;-2;3421;Москва и обл.;32 282 369,00;31 458 762,00;823 607,00;2,62
ЦМРБанк;;bank;;122;14;3531;Москва и обл.;30 120 617,00;23 666 376,00;6 454 241,00;27,27
МС Банк Рус;;bank;;123;-1;2789;Москва и обл.;29 914 352,00;30 083 927,00;-169 575,00;-0,56
Натиксис Банк;;bank;;124;0;3390;Москва и обл.;29 522 019,00;27 292 593,00;2 229 426,00;8,17
Чайна Констракшн;;bank;;125;13;3515;Москва и обл.;28 222 479,00;22 148 876,00;6 073 603,00;27,42
Голдман Сакс Банк;;bank;;126;9;3490;Москва и обл.;28 034 183,00;23 844 798,00;4 189 385,00;17,57
Мерседес-Бенц Банк Рус;;bank;;127;1;3473;Москва и обл.;27 632 139,00;25 671 000,00;1 961 139,00;7,64
Урал ФД;;bank;;128;-2;249;Пермская обл.;27 430 543,00;25 985 520,00;1 445 023,00;5,56
Интерпромбанк;;bank;;129;0;3266;Москва и обл.;27 340 522,00;25 530 149,00;1 810 373,00;7,09
Курскпромбанк;;bank;;130;-5;735;Курская обл.;27 321 001,00;26 684 402,00;636 599,00;2,39
Акибанк;;bank;;131;-4;2587;Татарстан;25 785 362,00;25 746 287,00;39 075,00;0,15
Экономбанк;;bank;;132;-2;1319;Саратовская обл.;25 773 970,00;25 194 505,00;579 465,00;2,3
Хлынов;;bank;;133;-2;254;Кировская обл.;25 612 584,00;25 184 171,00;428 413,00;1,7
Энергобанк;;bank;;134;0;67;Татарстан;24 144 422,00;23 974 681,00;169 741,00;0,71
Ланта-Банк;;bank;;135;-2;1920;Москва и обл.;23 927 746,00;24 608 623,00;-680 877,00;-2,77
Тольяттихимбанк;;bank;;136;10;2507;Самарская обл.;23 832 493,00;19 519 884,00;4 312 609,00;22,09
Москоммерцбанк;;bank;;137;0;3365;Москва и обл.;23 033 098,00;22 926 790,00;106 308,00;0,46
Модульбанк;;bank;;138;4;1927;Костромская обл.;22 564 981,00;20 483 714,00;2 081 267,00;10,16
Акцепт;;bank;;139;2;567;Новосибирская обл.;22 502 424,00;21 021 278,00;1 481 146,00;7,05
Джей энд Ти Банк;;bank;;140;-1;3061;Москва и обл.;22 154 695,00;21 549 440,00;605 255,00;2,81
НБД-Банк;;bank;;141;-1;1966;Нижегородская обл.;22 084 391,00;21 110 910,00;973 481,00;4,61
Московское Ипотечное Агентство;;bank;;142;10;3344;Москва и обл.;21 554 113,00;18 046 277,00;3 507 836,00;19,44
Банк Кредит Свисс;;bank;;143;-67;2494;Москва и обл.;21 189 422,00;74 883 734,00;-53 694 312,00;-71,7
Татсоцбанк;;bank;;144;-1;480;Татарстан;20 951 006,00;20 328 897,00;622 109,00;3,06
Ури Банк;;bank;;145;-1;3479;Москва и обл.;20 715 342,00;20 262 281,00;453 061,00;2,24
Инбанк;;bank;;146;4;1829;Москва и обл.;20 364 204,00;18 616 169,00;1 748 035,00;9,39
Пойдем!;;bank;;147;-2;2534;Москва и обл.;20 218 239,00;20 228 154,00;-9 915,00;-0,05
Кошелев-Банк;;bank;;148;-16;3300;Самарская обл.;19 768 650,00;24 817 452,00;-5 048 802,00;-20,34
Росдорбанк;;bank;;149;2;1573;Москва и обл.;19 739 697,00;18 354 683,00;1 385 014,00;7,55
Агропромкредит;;bank;;150;-2;2880;Москва и обл.;19 659 100,00;19 176 841,00;482 259,00;2,51
КЭБ ЭйчЭнБи Банк;;bank;;151;13;3525;Москва и обл.;19 452 565,00;14 937 263,00;4 515 302,00;30,23
Александровский;;bank;;152;-3;53;Санкт-Петербург и обл.;19 393 557,00;18 726 989,00;666 568,00;3,56
Денизбанк Москва;;bank;;153;-6;3330;Москва и обл.;18 694 406,00;19 402 441,00;-708 035,00;-3,65
Прио-Внешторгбанк;;bank;;154;-1;212;Рязанская обл.;17 848 491,00;17 792 389,00;56 102,00;0,32
Алеф-Банк;;bank;;155;-1;2119;Москва и обл.;17 409 770,00;17 307 034,00;102 736,00;0,59
Ишбанк;;bank;;156;-1;2867;Москва и обл.;17 283 841,00;17 097 639,00;186 202,00;1,09
РЕСО Кредит;;bank;;157;10;3450;Москва и обл.;16 808 269,00;14 369 846,00;2 438 423,00;16,97
Морской Банк;;bank;;158;-2;77;Москва и обл.;16 786 135,00;16 530 138,00;255 997,00;1,55
Эс-Би-Ай Банк;;bank;;159;17;3185;Москва и обл.;16 546 845,00;12 931 173,00;3 615 672,00;27,96
Норвик Банк;;bank;;160;-1;902;Кировская обл.;16 218 534,00;16 116 503,00;102 031,00;0,63
Банк Сберегательно-Кредитного Сервиса;;bank;;161;-3;3224;Москва и обл.;16 130 500,00;16 177 031,00;-46 531,00;-0,29
Форштадт;;bank;;162;-5;2208;Оренбургская обл.;16 029 000,00;16 273 390,00;-244 390,00;-1,5
Развитие-Столица;;bank;;163;-3;3013;Москва и обл.;15 937 556,00;16 065 702,00;-128 146,00;-0,8
НК Банк;;bank;;164;-1;2755;Москва и обл.;14 953 685,00;15 302 566,00;-348 881,00;-2,28
Финанс Бизнес Банк;;bank;;165;0;520;Москва и обл.;14 598 936,00;14 561 114,00;37 822,00;0,26
Чайнасельхозбанк;;bank;;166;0;3529;Москва и обл.;14 072 946,00;14 395 208,00;-322 262,00;-2,24
Гарант-Инвест;;bank;;167;2;2576;Москва и обл.;13 884 652,00;13 678 866,00;205 786,00;1,5
Банк Казани;;bank;;168;0;708;Татарстан;13 881 443,00;14 112 499,00;-231 056,00;-1,64
Оренбург;;bank;;169;10;3269;Оренбургская обл.;13 714 830,00;12 547 901,00;1 166 929,00;9,3
КС Банк;;bank;;170;2;1752;Мордовия;13 340 926,00;13 128 959,00;211 967,00;1,61
БайкалИнвестБанк;;bank;;171;2;1067;Москва и обл.;13 161 506,00;13 083 658,00;77 848,00;0,6
Руснарбанк;;bank;;172;-1;3403;Москва и обл.;13 130 908,00;13 228 137,00;-97 229,00;-0,74
НИКО-Банк;;bank;;173;5;702;Оренбургская обл.;12 977 982,00;12 755 432,00;222 550,00;1,74
Промтрансбанк;;bank;;174;3;2638;Башкортостан;12 874 734,00;12 871 759,00;2 975,00;0,02
Датабанк;;bank;;175;7;646;Удмуртия;12 842 503,00;12 228 118,00;614 385,00;5,02
Национальный Резервный Банк;;bank;;176;-1;2170;Москва и обл.;12 672 883,00;12 949 002,00;-276 119,00;-2,13
Яндекс.Деньги;;bank;;177;-16;3510;Россия;12 604 179,00;15 584 236,00;-2 980 057,00;-19,12
Национальная Факторинговая Компания;;bank;;178;-16;3437;Москва и обл.;12 439 637,00;15 425 072,00;-2 985 435,00;-19,35
Нижневолжский Коммерческий Банк;;bank;;179;1;931;Саратовская обл.;12 366 315,00;12 507 804,00;-141 489,00;-1,13
Собинбанк;;bank;;180;-6;1317;Москва и обл.;12 302 569,00;13 063 371,00;-760 802,00;-5,82
ТЭМБР-Банк;;bank;;181;4;2764;Москва и обл.;12 249 861,00;11 879 353,00;370 508,00;3,12
Консервативный Коммерческий Банк;;bank;;182;-1;1087;Астраханская обл.;12 210 517,00;12 470 892,00;-260 375,00;-2,09
Юг-Инвестбанк;;bank;;183;1;2772;Краснодарский край;12 108 645,00;11 917 210,00;191 435,00;1,61
Снежинский;;bank;;184;-1;1376;Челябинская обл.;12 046 249,00;11 997 642,00;48 607,00;0,41
Нацинвестпромбанк;;bank;;185;1;3077;Москва и обл.;12 042 474,00;11 715 466,00;327 008,00;2,79
Инкахран;;bank;;186;-16;3454;Москва и обл.;11 774 400,00;13 621 917,00;-1 847 517,00;-13,56
Актив Банк;;bank;;187;0;2529;Мордовия;11 454 526,00;11 447 808,00;6 718,00;0,06
Энергомашбанк;;bank;;188;6;52;Санкт-Петербург и обл.;11 359 553,00;10 430 715,00;928 838,00;8,9
Екатеринбург;;bank;;189;6;3161;Свердловская обл.;11 048 203,00;10 378 823,00;669 380,00;6,45
Банк Раунд;;bank;;190;-2;2506;Москва и обл.;10 996 055,00;10 890 141,00;105 914,00;0,97
Итуруп;;bank;;191;-1;2390;Сахалинская обл.;10 943 244,00;10 751 443,00;191 801,00;1,78
Банк Жилищного Финансирования;;bank;;192;1;3138;Москва и обл.;10 768 894,00;10 576 838,00;192 056,00;1,82
Русьуниверсалбанк;;bank;;193;-1;3293;Москва и обл.;10 593 888,00;10 628 559,00;-34 671,00;-0,33
Банк БКФ;;bank;;194;-3;2684;Москва и обл.;10 463 082,00;10 650 479,00;-187 397,00;-1,76
Солид Банк;;bank;;195;2;1329;Приморский край;10 300 348,00;9 820 368,00;479 980,00;4,89
МБА-Москва;;bank;;196;-7;3395;Москва и обл.;10 291 334,00;10 752 434,00;-461 100,00;-4,29
Углеметбанк;;bank;;197;2;2997;Челябинская обл.;9 434 841,00;9 010 319,00;424 522,00;4,71
Автоторгбанк;;bank;;198;0;2776;Москва и обл.;9 243 386,00;9 361 238,00;-117 852,00;-1,26
Томскпромстройбанк;;bank;;199;1;1720;Томская обл.;9 080 149,00;8 999 965,00;80 184,00;0,89
Зираат Банк;;bank;;200;1;2559;Москва и обл.;9 023 230,00;8 795 102,00;228 128,00;2,59
Хакасский Муниципальный Банк;;bank;;201;1;1049;Хакасия;8 645 034,00;8 713 623,00;-68 589,00;-0,79
Ставропольпромстройбанк;;bank;;202;7;1288;Ставропольский край;8 587 809,00;7 577 666,00;1 010 143,00;13,33
Нейва;;bank;;203;1;1293;Свердловская обл.;8 517 405,00;8 383 760,00;133 645,00;1,59
Белгородсоцбанк;;bank;;204;3;760;Белгородская обл.;8 218 859,00;7 702 468,00;516 391,00;6,7
Кузнецкбизнесбанк;;bank;;205;0;1158;Кемеровская обл.;8 108 432,00;8 144 284,00;-35 852,00;-0,44
Трансстройбанк;;bank;;206;2;2807;Москва и обл.;7 977 312,00;7 702 212,00;275 100,00;3,57
Северный Народный Банк;;bank;;207;3;2721;Коми;7 957 783,00;7 476 150,00;481 633,00;6,44
Сибсоцбанк;;bank;;208;4;2015;Алтайский край;7 895 343,00;7 237 033,00;658 310,00;9,1
Сити Инвест Банк;;bank;;209;4;3194;Санкт-Петербург и обл.;7 893 869,00;7 211 992,00;681 877,00;9,45
Новобанк;;bank;;210;1;1352;Новгородская обл.;7 691 201,00;7 369 476,00;321 725,00;4,37
Морган Стэнли Банк;;bank;;211;-15;3456;Москва и обл.;7 376 641,00;10 252 235,00;-2 875 594,00;-28,05
Нефтепромбанк;;bank;;212;6;2156;Москва и обл.;7 337 365,00;6 814 162,00;523 203,00;7,68
Гута-Банк;;bank;;213;9;256;Москва и обл.;7 201 101,00;6 594 058,00;607 043,00;9,21
Финам Банк;;bank;;214;7;2799;Москва и обл.;7 170 582,00;6 651 390,00;519 192,00;7,81
Горбанк;;bank;;215;13;2982;Санкт-Петербург и обл.;7 156 318,00;6 046 095,00;1 110 223,00;18,36
Славия;;bank;;216;8;2664;Москва и обл.;7 040 433,00;6 433 440,00;606 993,00;9,43
Агророс;;bank;;217;-1;2860;Саратовская обл.;7 022 137,00;6 904 243,00;117 894,00;1,71
Ростфинанс;;bank;;218;-12;481;Ростовская обл.;7 017 955,00;7 986 170,00;-968 215,00;-12,12
Банк Оранжевый;;bank;;219;-2;1659;Санкт-Петербург и обл.;7 006 406,00;6 881 774,00;124 632,00;1,81
Кузнецкий;;bank;;220;0;609;Пензенская обл.;6 989 559,00;6 674 392,00;315 167,00;4,72
Енисейский Объединенный Банк;;bank;;221;5;2645;Красноярский край;6 982 764,00;6 360 696,00;622 068,00;9,78
Черноморский банк развития и реконструкции;;bank;;222;-7;3527;Симферополь;6 934 691,00;6 946 457,00;-11 766,00;-0,17
Азия-Инвест Банк;;bank;;223;14;3303;Москва и обл.;6 920 843,00;5 299 087,00;1 621 756,00;30,6
Автоградбанк;;bank;;224;-1;1455;Татарстан;6 817 594,00;6 532 693,00;284 901,00;4,36
ФорБанк;;bank;;225;-6;2063;Москва и обл.;6 752 257,00;6 744 088,00;8 169,00;0,12
Земский Банк;;bank;;226;-1;2900;Самарская обл.;6 507 657,00;6 378 283,00;129 374,00;2,03
Венец;;bank;;227;0;524;Ульяновская обл.;6 202 310,00;6 305 915,00;-103 605,00;-1,64
Газтрансбанк;;bank;;228;3;665;Краснодарский край;6 100 686,00;5 768 706,00;331 980,00;5,75
Альба Альянс;;bank;;229;7;2593;Москва и обл.;6 027 079,00;5 349 548,00;677 531,00;12,67
Москва-Сити;;bank;;230;5;3247;Москва и обл.;6 013 712,00;5 359 350,00;654 362,00;12,21
Ю Би Эс Банк;;bank;;231;-17;3463;Москва и обл.;5 899 049,00;7 033 674,00;-1 134 625,00;-16,13
Платина;;bank;;232;18;2347;Москва и обл.;5 861 889,00;4 348 900,00;1 512 989,00;34,79
Индустриальный Сберегательный Банк;;bank;;233;-1;3175;Москва и обл.;5 658 164,00;5 741 527,00;-83 363,00;-1,45
Кубаньторгбанк;;bank;;234;-1;478;Краснодарский край;5 584 495,00;5 621 816,00;-37 321,00;-0,66
Стройлесбанк;;bank;;235;6;2995;Тюменская обл.;5 580 521,00;5 107 532,00;472 989,00;9,26
Зенит Сочи;;bank;;236;-2;232;Краснодарский край;5 497 204,00;5 419 737,00;77 467,00;1,43
Русь;;bank;;237;-7;704;Оренбургская обл.;5 470 836,00;5 777 239,00;-306 403,00;-5,3
Проминвестбанк;;bank;;238;-9;2433;Москва и обл.;5 426 988,00;5 840 250,00;-413 262,00;-7,08
Роял Кредит Банк;;bank;;239;1;783;Приморский край;5 381 572,00;5 210 201,00;171 371,00;3,29
Бест Эффортс Банк;;bank;;240;21;435;Москва и обл.;5 258 056,00;3 988 361,00;1 269 695,00;31,84
Банк «Фридом Финанс»;;bank;;241;17;1143;Москва и обл.;5 142 962,00;4 076 140,00;1 066 822,00;26,17
Муниципальный Камчатпрофитбанк;;bank;;242;-4;2103;Камчатская обл.;5 106 249,00;5 267 380,00;-161 131,00;-3,06
СИАБ;;bank;;243;-4;3245;Санкт-Петербург и обл.;5 043 984,00;5 256 136,00;-212 152,00;-4,04
Долинск;;bank;;244;7;857;Сахалинская обл.;4 963 231,00;4 320 634,00;642 597,00;14,87
Заубер Банк;;bank;;245;-3;1614;Санкт-Петербург и обл.;4 875 536,00;4 927 448,00;-51 912,00;-1,05
НОКССбанк;;bank;;246;-1;3202;Волгоградская обл.;4 841 260,00;4 555 025,00;286 235,00;6,28
Крокус-Банк;;bank;;247;1;2682;Москва и обл.;4 797 645,00;4 375 669,00;421 976,00;9,64
Севастопольский Морской Банк;;bank;;248;-2;3528;Севастополь;4 509 491,00;4 543 786,00;-34 295,00;-0,75
ВРБ;;bank;;249;64;3499;Москва и обл.;4 473 552,00;2 304 035,00;2 169 517,00;94,16
Мегаполис;;bank;;250;3;3265;Чувашия;4 452 898,00;4 177 299,00;275 599,00;6,6
Московский Коммерческий Банк;;bank;;251;3;3172;Москва и обл.;4 450 458,00;4 153 689,00;296 769,00;7,14
Веста;;bank;;252;4;2368;Москва и обл.;4 383 297,00;4 107 311,00;275 986,00;6,72
Братский АНКБ;;bank;;253;2;1144;Иркутская обл.;4 341 391,00;4 123 823,00;217 568,00;5,28
Камский Коммерческий Банк;;bank;;254;-5;438;Татарстан;4 320 875,00;4 354 386,00;-33 511,00;-0,77
Кремлевский;;bank;;255;-3;2905;Москва и обл.;4 316 351,00;4 223 049,00;93 302,00;2,21
Мобильная карта;;bank;;256;59;3522;Санкт-Петербург и обл.;4 296 611,00;2 243 069,00;2 053 542,00;91,55
Донкомбанк;;bank;;257;0;492;Ростовская обл.;4 246 692,00;4 087 056,00;159 636,00;3,91
Алтайкапиталбанк;;bank;;258;4;2659;Алтайский край;4 196 027,00;3 956 394,00;239 633,00;6,06
Икано Банк;;bank;;259;-16;3519;Москва и обл.;4 195 355,00;4 868 242,00;-672 887,00;-13,82
Славянский Кредит;;bank;;260;4;2960;Москва и обл.;4 131 541,00;3 875 454,00;256 087,00;6,61
Вологжанин;;bank;;261;-1;1896;Вологодская обл.;4 047 777,00;4 017 606,00;30 171,00;0,75
Нэклис-Банк;;bank;;262;-15;1671;Москва и обл.;4 039 375,00;4 525 571,00;-486 196,00;-10,74
ЮМК;;bank;;263;-4;3495;Краснодарский край;3 992 617,00;4 067 747,00;-75 130,00;-1,85
ПэйПал Ру;;bank;;264;-1;3517;Москва и обл.;3 988 777,00;3 931 145,00;57 632,00;1,47
Объединенный Резервный Банк;;bank;;265;3;937;Москва и обл.;3 972 378,00;3 638 913,00;333 465,00;9,16
Владбизнесбанк;;bank;;266;4;903;Владимирская обл.;3 906 459,00;3 583 672,00;322 787,00;9,01
Народный Банк;;bank;;267;14;2249;Москва и обл.;3 819 229,00;3 121 435,00;697 794,00;22,35
Современные Стандарты Бизнеса;;bank;;268;-2;3397;Москва и обл.;3 726 835,00;3 672 528,00;54 307,00;1,48
Далена Банк;;bank;;269;9;1948;Москва и обл.;3 701 159,00;3 274 414,00;426 745,00;13,03
Санкт-Петербургский Банк Инвестиций;;bank;;270;-3;3468;Санкт-Петербург и обл.;3 631 371,00;3 666 623,00;-35 252,00;-0,96
Уралпромбанк;;bank;;271;-2;2964;Челябинская обл.;3 619 198,00;3 598 734,00;20 464,00;0,57
Элита;;bank;;272;5;1399;Калужская обл.;3 531 179,00;3 302 592,00;228 587,00;6,92
Банк Реалист;;bank;;273;-8;2646;Москва и обл.;3 527 004,00;3 832 767,00;-305 763,00;-7,98
Коммерческий Индо Банк;;bank;;274;-3;3446;Москва и обл.;3 450 738,00;3 520 932,00;-70 194,00;-1,99
Уралфинанс;;bank;;275;-1;1370;Свердловская обл.;3 280 522,00;3 357 608,00;-77 086,00;-2,3
Новый Век;;bank;;276;15;3417;Москва и обл.;3 277 038,00;2 960 321,00;316 717,00;10,7
Живаго Банк;;bank;;277;3;2065;Рязанская обл.;3 232 569,00;3 141 702,00;90 867,00;2,89
Юнистрим;;bank;;278;26;3467;Москва и обл.;3 229 020,00;2 561 664,00;667 356,00;26,05
Первоуральскбанк;;bank;;279;-3;965;Свердловская обл.;3 219 319,00;3 310 629,00;-91 310,00;-2,76
Вестерн Юнион ДП Восток;;bank;;280;-7;2726;Москва и обл.;3 218 674,00;3 437 465,00;-218 791,00;-6,36
Первый Клиентский Банк;;bank;;281;-6;3436;Москва и обл.;3 215 423,00;3 353 251,00;-137 828,00;-4,11
Унифондбанк;;bank;;282;10;3416;Москва и обл.;3 129 180,00;2 938 070,00;191 110,00;6,5
Банк ПСА Финанс Рус;;bank;;283;-1;3481;Москва и обл.;3 111 039,00;3 117 776,00;-6 737,00;-0,22
Расчетные Решения;;bank;;284;25;3524;Москва и обл.;3 096 665,00;2 397 001,00;699 664,00;29,19
БСТ-Банк;;bank;;285;3;2883;Кемеровская обл.;3 092 127,00;3 023 000,00;69 127,00;2,29
Оргбанк;;bank;;286;-14;3312;Москва и обл.;3 088 982,00;3 455 486,00;-366 504,00;-10,61
Кетовский Коммерческий Банк;;bank;;287;-1;842;Курганская обл.;3 087 143,00;3 039 980,00;47 163,00;1,55
Профессионал Банк;;bank;;288;-3;3296;Москва и обл.;3 044 600,00;3 071 636,00;-27 036,00;-0,88
Тамбовкредитпромбанк;;bank;;289;7;1312;Тамбовская обл.;3 024 536,00;2 764 953,00;259 583,00;9,39
Евразийский Банк;;bank;;290;-6;969;Москва и обл.;2 996 870,00;3 080 238,00;-83 368,00;-2,71
Московский Нефтехимический Банк;;bank;;291;-47;1411;Москва и обл.;2 979 493,00;4 669 705,00;-1 690 212,00;-36,2
Синко-Банк;;bank;;292;-9;2838;Москва и обл.;2 976 376,00;3 088 145,00;-111 769,00;-3,62
Тендер-Банк;;bank;;293;0;2252;Москва и обл.;2 973 122,00;2 918 621,00;54 501,00;1,87
Заречье;;bank;;294;-15;817;Татарстан;2 970 154,00;3 155 351,00;-185 197,00;-5,87
ИРС;;bank;;295;56;272;Москва и обл.;2 846 546,00;1 484 592,00;1 361 954,00;91,74
Внешфинбанк;;bank;;296;-7;3173;Краснодарский край;2 839 864,00;3 006 647,00;-166 783,00;-5,55
Экси-Банк;;bank;;297;4;2530;Санкт-Петербург и обл.;2 806 325,00;2 663 414,00;142 911,00;5,37
ИТ Банк;;bank;;298;2;2609;Омская обл.;2 748 957,00;2 663 695,00;85 262,00;3,2
Ермак;;bank;;299;-12;1809;Ханты-Мансийский АО — Югра;2 717 694,00;3 037 994,00;-320 300,00;-10,54
Оней Банк;;bank;;300;-5;3516;Москва и обл.;2 676 382,00;2 785 140,00;-108 758,00;-3,9
Газнефтьбанк;;bank;;301;-3;3223;Саратовская обл.;2 673 550,00;2 685 708,00;-12 158,00;-0,45
Яринтербанк;;bank;;302;-5;2564;Ярославская обл.;2 666 958,00;2 717 009,00;-50 051,00;-1,84
Витабанк;;bank;;303;7;356;Санкт-Петербург и обл.;2 664 323,00;2 348 509,00;315 814,00;13,45
Евроальянс;;bank;;304;-5;1781;Ивановская обл.;2 617 471,00;2 677 496,00;-60 025,00;-2,24
Америкэн Экспресс Банк;;bank;;305;-15;3460;Москва и обл.;2 615 165,00;2 995 875,00;-380 710,00;-12,71
Система;;bank;;306;-12;2846;Москва и обл.;2 607 438,00;2 793 244,00;-185 806,00;-6,65
Международный Коммерческий Банк;;bank;;307;-4;2524;Москва и обл.;2 590 528,00;2 579 273,00;11 255,00;0,44
Социум-Банк;;bank;;308;-6;2881;Москва и обл.;2 543 121,00;2 631 488,00;-88 367,00;-3,36
Первый Инвестиционный Банк;;bank;;309;8;604;Москва и обл.;2 500 273,00;2 212 430,00;287 843,00;13,01
Банк Глобус;;bank;;310;-4;2438;Москва и обл.;2 459 529,00;2 452 624,00;6 905,00;0,28
Йошкар-Ола;;bank;;311;-4;2802;Марий Эл;2 423 951,00;2 446 902,00;-22 951,00;-0,94
РБА;;bank;;312;-4;3413;Москва и обл.;2 422 669,00;2 410 628,00;12 041,00;0,5
Первый Дортрансбанк;;bank;;313;-2;3271;Кировская обл.;2 344 298,00;2 344 277,00;21;0
Костромаселькомбанк;;bank;;314;0;1115;Костромская обл.;2 336 526,00;2 286 877,00;49 649,00;2,17
Пермь;;bank;;315;6;875;Пермская обл.;2 297 773,00;2 186 792,00;110 981,00;5,08
Вкабанк;;bank;;316;3;1027;Астраханская обл.;2 293 283,00;2 198 400,00;94 883,00;4,32
Великие Луки Банк;;bank;;317;-1;598;Псковская обл.;2 275 777,00;2 224 416,00;51 361,00;2,31
Россита-Банк;;bank;;318;2;3257;Москва и обл.;2 212 851,00;2 189 097,00;23 754,00;1,09
ИК Банк;;bank;;319;9;1732;Татарстан;2 197 018,00;1 998 542,00;198 476,00;9,93
Приобье;;bank;;320;-2;537;Ханты-Мансийский АО — Югра;2 196 810,00;2 208 955,00;-12 145,00;-0,55
Народный Доверительный Банк;;bank;;321;3;2374;Москва и обл.;2 190 333,00;2 137 192,00;53 141,00;2,49
Арзамас;;bank;;322;0;1281;Нижегородская обл.;2 178 759,00;2 159 015,00;19 744,00;0,91
РФИ Банк;;bank;;323;6;3351;Москва и обл.;2 172 182,00;1 843 101,00;329 081,00;17,85
Викинг;;bank;;324;1;2;Санкт-Петербург и обл.;2 159 721,00;2 110 463,00;49 258,00;2,33
Элекснет;;bank;;325;22;3314;Москва и обл.;2 153 120,00;1 523 577,00;629 543,00;41,32
Капитал;;bank;;326;-3;575;Москва и обл.;2 135 049,00;2 146 397,00;-11 348,00;-0,53
Сервис Резерв;;bank;;327;31;2034;Москва и обл.;2 026 680,00;1 415 913,00;610 767,00;43,14
Саратов;;bank;;328;-2;330;Саратовская обл.;1 980 807,00;2 061 089,00;-80 282,00;-3,9
Кросна-Банк;;bank;;329;-2;2607;Москва и обл.;1 976 733,00;2 026 835,00;-50 102,00;-2,47
Новый Московский Банк;;bank;;330;-25;2932;Москва и обл.;1 882 430,00;2 503 791,00;-621 361,00;-24,82
Майкопбанк;;bank;;331;-1;1136;Адыгея;1 866 184,00;1 836 092,00;30 092,00;1,64
Ноосфера;;bank;;332;13;2650;Республика Алтай;1 805 149,00;1 555 790,00;249 359,00;16,03
Алтынбанк;;bank;;333;6;2070;Татарстан;1 772 060,00;1 673 593,00;98 467,00;5,88
Дом-Банк;;bank;;334;6;3209;Москва и обл.;1 767 798,00;1 661 547,00;106 251,00;6,39
Тексбанк;;bank;;335;2;2756;Карачаево-Черкесия;1 765 279,00;1 691 805,00;73 474,00;4,34
Калуга;;bank;;336;-2;1151;Калужская обл.;1 762 898,00;1 778 950,00;-16 052,00;-0,9
Спутник;;bank;;337;6;1071;Самарская обл.;1 748 009,00;1 608 986,00;139 023,00;8,64
АвтоКредитБанк;;bank;;338;-2;1973;Татарстан;1 700 285,00;1 707 093,00;-6 808,00;-0,4
Проинвестбанк;;bank;;339;9;784;Пермская обл.;1 684 644,00;1 518 380,00;166 264,00;10,95
Промсельхозбанк;;bank;;340;1;538;Москва и обл.;1 676 980,00;1 637 205,00;39 775,00;2,43
Кузбассхимбанк;;bank;;341;1;2868;Кемеровская обл.;1 635 265,00;1 621 017,00;14 248,00;0,88
Новокиб;;bank;;342;8;1747;Кемеровская обл.;1 612 271,00;1 486 352,00;125 919,00;8,47
Евроазиатский Инвестиционный Банк;;bank;;343;-5;2897;Москва и обл.;1 610 857,00;1 681 910,00;-71 053,00;-4,22
Вакобанк;;bank;;344;13;1291;Псковская обл.;1 570 561,00;1 418 551,00;152 010,00;10,72
Столичный Кредит;;bank;;345;22;2853;Москва и обл.;1 567 589,00;1 302 452,00;265 137,00;20,36
Республиканский Кредитный Альянс;;bank;;346;20;3017;Москва и обл.;1 555 909,00;1 328 630,00;227 279,00;17,11
Промышленно-Финансовое Сотрудничество;;bank;;347;-1;2410;Москва и обл.;1 553 218,00;1 534 933,00;18 285,00;1,19
Росбизнесбанк;;bank;;348;8;1405;Москва и обл.;1 522 157,00;1 420 246,00;101 911,00;7,18
Сельмашбанк;;bank;;349;-14;106;Ростовская обл.;1 515 025,00;1 735 676,00;-220 651,00;-12,71
Акрополь;;bank;;350;-1;3027;Москва и обл.;1 512 371,00;1 510 180,00;2 191,00;0,15
Банк РМП;;bank;;351;-19;2574;Москва и обл.;1 500 586,00;1 800 309,00;-299 723,00;-16,65
Мурманский Расчетный Центр;;bank;;352;-8;3341;Мурманская обл.;1 491 411,00;1 568 414,00;-77 003,00;-4,91
Крона-Банк;;bank;;353;-1;2499;Иркутская обл.;1 485 804,00;1 451 604,00;34 200,00;2,36
Торжок (бывш. Торжокуниверсалбанк);;bank;;354;7;933;Тверская обл.;1 426 077,00;1 382 678,00;43 399,00;3,14
Примтеркомбанк;;bank;;355;8;21;Приморский край;1 401 071,00;1 364 316,00;36 755,00;2,69
Прохладный;;bank;;356;4;874;Кабардино-Балкария;1 388 979,00;1 386 937,00;2 042,00;0,15
Почтобанк;;bank;;357;2;1788;Пермская обл.;1 368 034,00;1 402 633,00;-34 599,00;-2,47
Кузнецкий Мост;;bank;;358;-3;2254;Москва и обл.;1 319 013,00;1 423 720,00;-104 707,00;-7,35
Курган;;bank;;359;3;2568;Курганская обл.;1 311 126,00;1 369 210,00;-58 084,00;-4,24
Руна-Банк;;bank;;360;4;3207;Москва и обл.;1 286 918,00;1 341 299,00;-54 381,00;-4,05
Банк Агора;;bank;;361;18;3231;Москва и обл.;1 286 872,00;1 062 367,00;224 505,00;21,13
Р-Инкас;;bank;;362;-9;3536;Москва и обл.;1 262 071,00;1 444 333,00;-182 262,00;-12,62
Апабанк;;bank;;363;9;2404;Москва и обл.;1 235 252,00;1 211 929,00;23 323,00;1,92
МТИ Банк;;bank;;364;-33;1052;Москва и обл.;1 227 100,00;1 830 593,00;-603 493,00;-32,97
Майский;;bank;;365;3;1673;Кабардино-Балкария;1 220 640,00;1 264 767,00;-44 127,00;-3,49
Нальчик;;bank;;366;4;695;Кабардино-Балкария;1 216 983,00;1 246 087,00;-29 104,00;-2,34
Финчер;;bank;;367;16;3486;Москва и обл.;1 216 240,00;995 652,00;220 588,00;22,16
Севзапинвестпромбанк;;bank;;368;3;2152;Санкт-Петербург и обл.;1 197 790,00;1 238 491,00;-40 701,00;-3,29
Саммит Банк;;bank;;369;5;85;Приморский край;1 183 743,00;1 138 127,00;45 616,00;4,01
Спецстройбанк;;bank;;370;5;236;Москва и обл.;1 171 679,00;1 134 326,00;37 353,00;3,29
Невастройинвест;;bank;;371;2;1926;Санкт-Петербург и обл.;1 153 399,00;1 157 745,00;-4 346,00;-0,38
Земкомбанк;;bank;;372;-39;574;Ростовская обл.;1 141 878,00;1 781 033,00;-639 155,00;-35,89
Байкалкредобанк;;bank;;373;4;2990;Иркутская обл.;1 127 846,00;1 109 051,00;18 795,00;1,69
Русский Банк Сбережений;;bank;;374;-5;779;Ставропольский край;1 105 753,00;1 252 238,00;-146 485,00;-11,7
ЕАТП Банк;;bank;;375;3;1765;Астраханская обл.;1 105 278,00;1 074 712,00;30 566,00;2,84
Межбанковский Кредитный Союз;;bank;;376;-22;3242;Москва и обл.;1 079 396,00;1 425 627,00;-346 231,00;-24,29
Онего;;bank;;377;-12;2484;Карелия;1 078 048,00;1 332 186,00;-254 138,00;-19,08
Спиритбанк;;bank;;378;2;2053;Тульская обл.;1 057 863,00;1 046 663,00;11 200,00;1,07
Электронный платежный сервис;;bank;;379;14;3509;Москва и обл.;1 042 961,00;829 375,00;213 586,00;25,75
Дон-Тексбанк;;bank;;380;-4;1818;Ростовская обл.;1 037 238,00;1 128 164,00;-90 926,00;-8,06
Единая касса;;bank;;381;17;3512;Москва и обл.;1 027 503,00;742 225,00;285 278,00;38,44
Синергия;;bank;;382;2;2884;Саратовская обл.;993 102,00;989 031,00;4 071,00;0,41
Классик Эконом Банк;;bank;;383;6;3298;Северная Осетия — Алания;985 404,00;899 619,00;85 785,00;9,54
Банк РСИ;;bank;;384;3;3415;Москва и обл.;980 841,00;950 955,00;29 886,00;3,14
Соколовский;;bank;;385;0;2830;Москва и обл.;947 804,00;983 239,00;-35 435,00;-3,6
Народный Инвестиционный Банк;;bank;;386;0;2876;Самарская обл.;933 404,00;957 414,00;-24 010,00;-2,51
Деньги.Мэйл.Ру;;bank;;387;-6;3511;Москва и обл.;914 806,00;1 032 698,00;-117 892,00;-11,42
Национальный Банк Сбережений;;bank;;388;3;1949;Ивановская обл.;889 232,00;880 056,00;9 176,00;1,04
Химик;;bank;;389;-7;1114;Нижегородская обл.;873 412,00;1 019 414,00;-146 002,00;-14,32
Единая Расчетная Палата;;bank;;390;4;384;Москва и обл.;852 002,00;815 796,00;36 206,00;4,44
Моби.Деньги;;bank;;391;24;3523;Москва и обл.;834 613,00;484 077,00;350 536,00;72,41
Мурманский Социальный Коммерческий Банк;;bank;;392;0;2722;Мурманская обл.;834 171,00;835 381,00;-1 210,00;-0,14
Балаково-Банк;;bank;;393;-3;444;Саратовская обл.;819 190,00;893 082,00;-73 892,00;-8,27
РИБ;;bank;;394;14;2749;Москва и обл.;796 794,00;604 630,00;192 164,00;31,78
Космос;;bank;;395;0;2245;Москва и обл.;796 257,00;775 591,00;20 666,00;2,66
Максима;;bank;;396;-8;3379;Москва и обл.;771 144,00;915 927,00;-144 783,00;-15,81
Объединенный Банк Республики;;bank;;397;-1;1016;Чувашия;769 399,00;749 565,00;19 834,00;2,65
Стандарт-Кредит;;bank;;398;8;841;Москва и обл.;755 391,00;611 951,00;143 440,00;23,44
Геобанк;;bank;;399;3;2027;Москва и обл.;746 207,00;642 818,00;103 389,00;16,08
Металлург;;bank;;400;-3;2877;Москва и обл.;706 027,00;744 967,00;-38 940,00;-5,23
РусьРегионБанк;;bank;;401;-1;685;Москва и обл.;697 894,00;708 892,00;-10 998,00;-1,55
Прокоммерцбанк;;bank;;402;-3;2996;Москва и обл.;687 524,00;715 161,00;-27 637,00;-3,86
Ресурс-Траст;;bank;;403;-2;3122;Москва и обл.;644 202,00;654 472,00;-10 270,00;-1,57
Рента-Банк;;bank;;404;1;3095;Москва и обл.;642 199,00;630 873,00;11 326,00;1,8
Гефест;;bank;;405;2;1046;Тверская обл.;625 559,00;610 036,00;15 523,00;2,54
Славянбанк;;bank;;406;-3;804;Новгородская обл.;618 972,00;642 799,00;-23 827,00;-3,71
Берейт;;bank;;407;13;3505;Санкт-Петербург и обл.;600 706,00;425 011,00;175 695,00;41,34
Эко-Инвест;;bank;;408;3;3116;Москва и обл.;597 575,00;549 935,00;47 640,00;8,66
Банк 131;;bank;;409;-5;3538;Татарстан;582 232,00;631 493,00;-49 261,00;-7,8
Таганрогбанк;;bank;;410;0;3136;Ростовская обл.;546 275,00;564 245,00;-17 970,00;-3,18
Монета.ру;;bank;;411;5;3508;Марий Эл;542 019,00;477 731,00;64 288,00;13,46
МВС Банк;;bank;;412;2;2407;Дагестан;514 799,00;508 014,00;6 785,00;1,34
Вятич;;bank;;413;-4;2796;Рязанская обл.;512 961,00;576 280,00;-63 319,00;-10,99
Холмск;;bank;;414;3;503;Сахалинская обл.;507 177,00;440 649,00;66 528,00;15,1
Центрально-Азиатский;;bank;;415;-3;3037;Хакасия;499 263,00;518 488,00;-19 225,00;-3,71
Дружба;;bank;;416;-3;990;Тюменская обл.;496 525,00;511 683,00;-15 158,00;-2,96
Народный Банк Тувы;;bank;;417;1;1309;Тыва;493 550,00;434 851,00;58 699,00;13,5
Континенталь;;bank;;418;3;3184;Ставропольский край;433 289,00;416 268,00;17 021,00;4,09
Альтернатива;;bank;;419;6;3452;Москва и обл.;402 264,00;355 908,00;46 356,00;13,02
Лэнд Кредит;;bank;;420;3;1478;Москва и обл.;397 134,00;373 903,00;23 231,00;6,21
Северстройбанк;;bank;;421;1;3507;Вологодская обл.;379 848,00;374 688,00;5 160,00;1,38
Тайдон;;bank;;422;2;2085;Кемеровская обл.;371 281,00;371 811,00;-530;-0,14
Расчетная Палата СВМБ;;bank;;423;8;3324;Самарская обл.;370 592,00;235 977,00;134 615,00;57,05
Платежный Стандарт;;bank;;424;5;3530;Новосибирская обл.;368 958,00;266 015,00;102 943,00;38,7
Сетевая Расчетная Палата;;bank;;425;-6;3332;Татарстан;327 268,00;425 906,00;-98 638,00;-23,16
Промсвязьинвест;;bank;;426;1;2761;Дагестан;309 924,00;285 619,00;24 305,00;8,51
Перспектива;;bank;;427;8;3532;Омская обл.;294 928,00;186 333,00;108 595,00;58,28
Объединенная Расчетная Система;;bank;;428;-2;3342;Москва и обл.;282 133,00;294 164,00;-12 031,00;-4,09
Премиум;;bank;;429;10;3514;Москва и обл.;235 990,00;104 363,00;131 627,00;126,12
ПэйЮ;;bank;;430;-2;3518;Москва и обл.;224 247,00;283 065,00;-58 818,00;-20,78
Русское Финансовое Общество;;bank;;431;-1;3427;Москва и обл.;223 627,00;248 194,00;-24 567,00;-9,9
Красноярский Краевой Расчетный Центр;;bank;;432;0;3483;Красноярский край;223 604,00;226 599,00;-2 995,00;-1,32
Нарат;;bank;;433;0;1902;Татарстан;213 124,00;214 845,00;-1 721,00;-0,8
Глобал Эксчейндж;;bank;;434;0;3533;Москва и обл.;200 197,00;200 859,00;-662;-0,33
Петербургский Расчетный Центр;;bank;;435;1;3306;Санкт-Петербург и обл.;184 351,00;182 651,00;1 700,00;0,93
Элплат;;bank;;436;2;3535;Удмуртия;118 095,00;107 901,00;10 194,00;9,45
Дальний Восток;;bank;;437;0;3318;Приморский край;113 323,00;131 639,00;-18 316,00;-13,91
Инэко;;bank;;438;2;3520;Ивановская обл.;92 135,00;91 380,00;755;0,83
;;;;;;;;;;;
Яндекс.Деньги, НКО 35;655542;it;;;;;;;;;
Эвотор 30;2425896;;;;;;;;;;
Центр онлайн-обучения „Нетология-групп“ 51;855219;;;;;;;;;;
ЦНИИАГ 93;1075252;;;;;;;;;;
Центр Найма Водителей 469;2657266;;;;;;;;;;
